{
  "vector": [
    0.5601056686,
    0.9562250364,
    -0.1139173437,
    0.1903987652,
    0.6260000232,
    2.2367702408,
    -0.1559338094
  ],
  "metrics": {
    "mean_throughput": 0.5389941931,
    "std_throughput": 0.0,
    "mean_backflow": 0.0,
    "mean_energy": 0.1304129958
  },
  "source_run": "runs/flow_constriction_cma",
  "notes": "Channel slit with actuator sleeve; tuned for throughput while avoiding backflow."
}
