{
  "vector": [
    0.8877498495363703,
    0.4818642745627745,
    0.05236011241687839,
    0.07660641643890928,
    1.017381670515558,
    1.6983916869599818,
    0.04722679269540114
  ],
  "metrics": {
    "mean_mse": 0.0026287981308996677,
    "std_mse": 3.946809101762483e-06,
    "min_mse": 0.002624180866405368,
    "max_mse": 0.00263380678370595,
    "mean_energy": 0.17260149121284485
  }
}