{
  "vector": [
    0.6240341663360596,
    0.5905045866966248,
    0.009999999776482582,
    0.06415142863988876,
    0.8571230173110962,
    1.663238525390625,
    0.2111409455537796
  ],
  "metrics": {
    "mean_mse": 0.0001124129630625248,
    "std_mse": 3.3513813946228765e-07,
    "min_mse": 0.00011207125498913229,
    "max_mse": 0.00011286824883427471,
    "mean_energy": 0.18197500705718994
  }
}