{
  "vector": [
    0.9417917068873217,
    0.6069492426123471,
    0.06395625098310313,
    0.06939552968261146,
    0.9051556335437049,
    1.6188598764923132,
    0.14431598936141313
  ],
  "metrics": {
    "mean_mse": 7.704566087340936e-05,
    "std_mse": 5.497927304531913e-07,
    "min_mse": 7.629269384779036e-05,
    "max_mse": 7.759004802210256e-05,
    "mean_energy": 0.17542068660259247
  }
}