{
  "vector": [
    5.308279991149902,
    1.7883375883102417,
    2.1769659519195557,
    -0.46833547949790955,
    4.817948341369629,
    2.893479347229004,
    1.5960882902145386,
    0.4273720383644104,
    -0.7194109559059143,
    -0.35314109921455383,
    0.008044344373047352,
    2.0,
    0.1233406588435173,
    6.881319522857666,
    0.2595791518688202
  ],
  "metrics": {
    "mean_steps": 4000.0,
    "std_steps": 0.0,
    "max_steps": 4000.0,
    "min_steps": 4000.0
  }
}