{
  "vector": [
    5.845032007076208,
    2.294706615705014,
    2.4567573635032276,
    0.2344884186324827,
    4.623107965126917,
    3.6577519518289274,
    2.1909441401467613,
    0.6636721671088106,
    -0.3491186298285174,
    -0.7480343986090812,
    -0.08343962036419941,
    2.6241254820392497,
    -0.4099592854179408,
    8.207419509249133,
    0.9418605524556724
  ],
  "metrics": {
    "mean_steps": 2500.0,
    "std_steps": 0.0,
    "max_steps": 2500.0,
    "min_steps": 2500.0
  }
}