{
  "vector": [
    0.23612101434525115,
    1.071634502320964,
    0.09401977710859252,
    0.06546918113856874,
    0.7410103176282257,
    1.9611369610182712,
    1.0838637412761407
  ],
  "metrics": {
    "mean_mse": 0.01539893914014101,
    "std_mse": 0.00010279892012476921,
    "mean_energy": 0.09827049821615219
  }
}