{
  "vector": [
    0.2838982533658817,
    0.928790526806552,
    0.21261868150183916,
    -0.18063545964832314,
    0.5949281498612535,
    2.133158509734649,
    1.2027121222648585
  ],
  "metrics": {
    "mean_mse": 0.015368957072496414,
    "std_mse": 6.824985757702962e-05,
    "mean_energy": 0.10882723331451416
  }
}