{
  "vector": [
    0.4218657910823822,
    0.9990000128746033,
    0.009999999776482582,
    9.999999747378752e-06,
    0.08401188999414444,
    0.002222031354904175,
    1.635581612586975,
    0.03162679448723793,
    0.019999999552965164
  ],
  "metrics": {
    "mean_mse": 0.0036863451823592186,
    "std_mse": 3.629641298630304e-07,
    "min_mse": 0.0036859752144664526,
    "max_mse": 0.0036868383176624775,
    "mean_energy": 0.1569591462612152
  }
}