{
  "vector": [
    1.0965701341629028,
    0.9990000128746033,
    0.009999999776482582,
    9.999999747378752e-06,
    0.0718642845749855,
    0.0974343866109848,
    1.7650383710861206,
    0.017704099416732788,
    0.019999999552965164
  ],
  "metrics": {
    "mean_mse": 0.0770634189248085,
    "std_mse": 1.9452532740160677e-07,
    "min_mse": 0.07706324011087418,
    "max_mse": 0.07706369459629059,
    "mean_energy": 0.24001963436603546
  }
}