{
  "vector": [
    1.6309840022686033,
    0.5059706099771607,
    0.040807405026583574,
    -0.1521737406573803,
    0.07983292210647547,
    0.11572248388504229,
    1.6809954341094153,
    0.02257319605211492,
    -0.015271690914712144
  ],
  "metrics": {
    "mean_mse": 0.2022463083267212,
    "std_mse": 8.603189272093914e-09,
    "min_mse": 0.2022463083267212,
    "max_mse": 0.20224632322788239,
    "mean_energy": 0.2784317433834076
  }
}