{
  "vector": [
    0.4878775234837194,
    1.1558675525655095,
    0.0435030739931838,
    -0.08587481084833598,
    0.0695686678563241,
    1.8855685435831653,
    0.07504878042047752
  ],
  "metrics": {
    "mean_wake_mse": 0.15170522034168243,
    "std_wake_mse": 0.0,
    "mean_drag": 0.0,
    "mean_energy": 0.08609399199485779
  }
}